Workbook
Name _02音节综合信息表: 格道17GB重音字率!$A$1:$D$403
Name _02音节综合信息表: 格道17!$A$1:$F$403

Sheet 格道17
A1: 音节 | B1: 频次 | C1: 编码 | D1: 目标音节频率 | E1: 操作总音频率 | F1: 操作重音频率 | G1: 音节频率平方 | J1: 表示从两个不同的样本中随机各选一个字，是重键的概率
A2: sun | B2: 115512 | C2: 2G | D2: =B2/SUM($B$2:$B$403) -> 0.00037566472 | E2: =SUMIF($C$2:$C$403,C2,$D$2:$D$403) -> 0.011271164 | F2: =E2-D2 -> 0.0108955 | G2: =D2*D2 -> 1.4112398e-07 | I2: 概率1 | J2: =操作频率!E2 -> 0.0090763509
A3: ne | B3: 131130 | C3: 44 | D3: =B3/SUM($B$2:$B$403) -> 0.00042645712 | E3: =SUMIF($C$2:$C$403,C3,$D$2:$D$403) -> 0.010034029 | F3: =E3-D3 -> 0.0096075719 | G3: =D3*D3 -> 1.8186568e-07
A4: dia | B4: 198 | C4: EC | D4: =B4/SUM($B$2:$B$403) -> 6.4392976e-07 | E4: =SUMIF($C$2:$C$403,C4,$D$2:$D$403) -> 0.0081446968 | F4: =E4-D4 -> 0.0081440529 | G4: =D4*D4 -> 4.1464554e-13 | J4: 表示从两个不同的样本中随机各选一个字，是同音同键的概率
A5: nin | B5: 60705 | C5: 4I | D5: =B5/SUM($B$2:$B$403) -> 0.00019742301 | E5: =SUMIF($C$2:$C$403,C5,$D$2:$D$403) -> 0.0071106172 | F5: =E5-D5 -> 0.0069131942 | G5: =D5*D5 -> 3.8975845e-08 | I5: 概率2 | J5: =SUM(G2:G403) -> 0.0087741342
A6: shua | B6: 18008 | C6: B1 | D6: =B6/SUM($B$2:$B$403) -> 5.8565087e-05 | E6: =SUMIF($C$2:$C$403,C6,$D$2:$D$403) -> 0.0067683685 | F6: =E6-D6 -> 0.0067098034 | G6: =D6*D6 -> 3.4298694e-09
A7: suan | B7: 141726 | C7: 23 | D7: =B7/SUM($B$2:$B$403) -> 0.00046091712 | E7: =SUMIF($C$2:$C$403,C7,$D$2:$D$403) -> 0.0070578344 | F7: =E7-D7 -> 0.0065969173 | G7: =D7*D7 -> 2.1244459e-07 | I7: 概率1-概率2= | J7: 表示从两个不同的样本中随机各选一个字，是异音同键的概率
A8: za | B8: 103539 | C8: 1C | D8: =B8/SUM($B$2:$B$403) -> 0.00033672648 | E8: =SUMIF($C$2:$C$403,C8,$D$2:$D$403) -> 0.0068705517 | F8: =E8-D8 -> 0.0065338252 | G8: =D8*D8 -> 1.1338472e-07 | I8: 概率3 | J8: =操作频率!E2-J5 -> 0.0003022167
A9: yo | B9: 3946 | C9: F3 | D9: =B9/SUM($B$2:$B$403) -> 1.2833065e-05 | E9: =SUMIF($C$2:$C$403,C9,$D$2:$D$403) -> 0.0063819879 | F9: =E9-D9 -> 0.0063691548 | G9: =D9*D9 -> 1.6468755e-10
A10: su | B10: 490805 | C10: 2E | D10: =B10/SUM($B$2:$B$403) -> 0.0015961816 | E10: =SUMIF($C$2:$C$403,C10,$D$2:$D$403) -> 0.0078969465 | F10: =E10-D10 -> 0.0063007649 | G10: =D10*D10 -> 2.5477955e-06 | I10: 概率3/概率1 | J10: 表示从两个不同的样本中随机各选一个字，异音同键占同键的比例
A11: zu | B11: 672366 | C11: 1E | D11: =B11/SUM($B$2:$B$403) -> 0.0021866489 | E11: =SUMIF($C$2:$C$403,C11,$D$2:$D$403) -> 0.0081343907 | F11: =E11-D11 -> 0.0059477418 | G11: =D11*D11 -> 4.7814333e-06 | I11: 大牛的算法 | J11: =J8/J2 -> 0.033297159
A12: nang | B12: 7585 | C12: 41 | D12: =B12/SUM($B$2:$B$403) -> 2.4667713e-05 | E12: =SUMIF($C$2:$C$403,C12,$D$2:$D$403) -> 0.0057631421 | F12: =E12-D12 -> 0.0057384744 | G12: =D12*D12 -> 6.0849608e-10
A13: 'ang | B13: 14800 | C13: H1 | D13: =B13/SUM($B$2:$B$403) -> 4.8132124e-05 | E13: =SUMIF($C$2:$C$403,C13,$D$2:$D$403) -> 0.0057825511 | F13: =E13-D13 -> 0.0057344189 | G13: =D13*D13 -> 2.3167013e-09
A14: cen | B14: 1294 | C14: 3A | D14: =B14/SUM($B$2:$B$403) -> 4.2083087e-06 | E14: =SUMIF($C$2:$C$403,C14,$D$2:$D$403) -> 0.0055989595 | F14: =E14-D14 -> 0.0055947512 | G14: =D14*D14 -> 1.7709862e-11
A15: hang | B15: 86076 | C15: 41 | D15: =B15/SUM($B$2:$B$403) -> 0.00027993383 | E15: =SUMIF($C$2:$C$403,C15,$D$2:$D$403) -> 0.0057631421 | F15: =E15-D15 -> 0.0054832083 | G15: =D15*D15 -> 7.8362949e-08
A16: huang | B16: 245187 | C16: 4H | D16: =B16/SUM($B$2:$B$403) -> 0.00079738993 | E16: =SUMIF($C$2:$C$403,C16,$D$2:$D$403) -> 0.0061816639 | F16: =E16-D16 -> 0.005384274 | G16: =D16*D16 -> 6.358307e-07
A17: rong | B17: 286618 | C17: 66 | D17: =B17/SUM($B$2:$B$403) -> 0.00093213061 | E17: =SUMIF($C$2:$C$403,C17,$D$2:$D$403) -> 0.0060091883 | F17: =E17-D17 -> 0.0050770577 | G17: =D17*D17 -> 8.6886747e-07
A18: zang | B18: 29007 | C18: 11 | D18: =B18/SUM($B$2:$B$403) -> 9.433571e-05 | E18: =SUMIF($C$2:$C$403,C18,$D$2:$D$403) -> 0.0050155949 | F18: =E18-D18 -> 0.0049212592 | G18: =D18*D18 -> 8.8992262e-09
A19: cun | B19: 331501 | C19: 3G | D19: =B19/SUM($B$2:$B$403) -> 0.0010780978 | E19: =SUMIF($C$2:$C$403,C19,$D$2:$D$403) -> 0.0055917657 | F19: =E19-D19 -> 0.0045136679 | G19: =D19*D19 -> 1.1622948e-06
A20: sen | B20: 47239 | C20: 2A | D20: =B20/SUM($B$2:$B$403) -> 0.00015362928 | E20: =SUMIF($C$2:$C$403,C20,$D$2:$D$403) -> 0.0046297314 | F20: =E20-D20 -> 0.0044761021 | G20: =D20*D20 -> 2.3601957e-08
A21: ri | B21: 991994 | C21: 65 | D21: =B21/SUM($B$2:$B$403) -> 0.0032261336 | E21: =SUMIF($C$2:$C$403,C21,$D$2:$D$403) -> 0.0076206518 | F21: =E21-D21 -> 0.0043945182 | G21: =D21*D21 -> 1.0407938e-05
A22: rou | B22: 64917 | C22: 68 | D22: =B22/SUM($B$2:$B$403) -> 0.00021112115 | E22: =SUMIF($C$2:$C$403,C22,$D$2:$D$403) -> 0.004239162 | F22: =E22-D22 -> 0.0040280408 | G22: =D22*D22 -> 4.4572141e-08
A23: nai | B23: 85150 | C23: 4D | D23: =B23/SUM($B$2:$B$403) -> 0.00027692232 | E23: =SUMIF($C$2:$C$403,C23,$D$2:$D$403) -> 0.0041209326 | F23: =E23-D23 -> 0.0038440103 | G23: =D23*D23 -> 7.6685971e-08
... A403: zuo | B403: 1619391 | C403: 1F | D403: =B403/SUM($B$2:$B$403) -> 0.0052665357 | E403: =SUMIF($C$2:$C$403,C403,$D$2:$D$403) -> 0.0052665357 | F403: =E403-D403 -> 0 | G403: =D403*D403 -> 2.7736398e-05

Sheet 操作频率
A1: 按键操作 | B1: 按键总音频率 | C1: 按键总音频率平方 | E1: 表示从两个不同的样本中随机各选一个字，重键的概率
A2: II | B2: =SUMIF(格道17!$C$2:$C$403,A2,格道17!$D$2:$D$403) -> 0.0015469242 | C2: =B2*B2 -> 2.3929744e-06 | D2: 概率1 | E2: =SUM(C:C) -> 0.0090763509
A3: IH | B3: =SUMIF(格道17!$C$2:$C$403,A3,格道17!$D$2:$D$403) -> 0.0014406985 | C3: =B3*B3 -> 2.0756123e-06
A4: IG | B4: =SUMIF(格道17!$C$2:$C$403,A4,格道17!$D$2:$D$403) -> 0.0012458545 | C4: =B4*B4 -> 1.5521534e-06
A5: IF | B5: =SUMIF(格道17!$C$2:$C$403,A5,格道17!$D$2:$D$403) -> 0.012341314 | C5: =B5*B5 -> 0.00015230803
A6: IE | B6: =SUMIF(格道17!$C$2:$C$403,A6,格道17!$D$2:$D$403) -> 0.0022679564 | C6: =B6*B6 -> 5.1436262e-06
A7: ID | B7: =SUMIF(格道17!$C$2:$C$403,A7,格道17!$D$2:$D$403) -> 0.0019772774 | C7: =B7*B7 -> 3.9096259e-06
A8: IC | B8: =SUMIF(格道17!$C$2:$C$403,A8,格道17!$D$2:$D$403) -> 3.5425893e-05 | C8: =B8*B8 -> 1.2549939e-09
A9: IB | B9: =SUMIF(格道17!$C$2:$C$403,A9,格道17!$D$2:$D$403) -> 0.0010099453 | C9: =B9*B9 -> 1.0199895e-06
A10: IA | B10: =SUMIF(格道17!$C$2:$C$403,A10,格道17!$D$2:$D$403) -> 0.00089656812 | C10: =B10*B10 -> 8.038344e-07
A11: I8 | B11: =SUMIF(格道17!$C$2:$C$403,A11,格道17!$D$2:$D$403) -> 0.0011879659 | C11: =B11*B11 -> 1.4112629e-06
A12: I7 | B12: =SUMIF(格道17!$C$2:$C$403,A12,格道17!$D$2:$D$403) -> 0.0029464177 | C12: =B12*B12 -> 8.6813773e-06
A13: I6 | B13: =SUMIF(格道17!$C$2:$C$403,A13,格道17!$D$2:$D$403) -> 0.0072648058 | C13: =B13*B13 -> 5.2777404e-05
A14: I4 | B14: =SUMIF(格道17!$C$2:$C$403,A14,格道17!$D$2:$D$403) -> 0.0091257206 | C14: =B14*B14 -> 8.3278776e-05
... A275: 11 | B275: =SUMIF(格道17!$C$2:$C$403,A275,格道17!$D$2:$D$403) -> 0.0050155949 | C275: =B275*B275 -> 2.5156193e-05

Sheet 乱序17
A1: 音节 | B1: 次数 | C1: 编码 | D1: 目标音节频率 | E1: 操作总音频率 | F1: 操作重音频率 | G1: 是否有重
A2: ren | B2: 3508887 | C2: 6B | D2: =B2/SUM($B$2:$B$403) -> 0.011411499 | E2: =SUMIF($C$2:$C$403,C2,$D$2:$D$403) -> 0.011637824 | F2: =E2-D2 -> 0.00022632505 | G2: =COUNTIF(C2:C402,C2)-1 -> 2 | I2: =SUMIF(G2:G403,0,D2:D403) -> 0.7027748
A3: wei | B3: 3350224 | C3: 4I | D3: =B3/SUM($B$2:$B$403) -> 0.0108955 | E3: =SUMIF($C$2:$C$403,C3,$D$2:$D$403) -> 0.01109116 | F3: =E3-D3 -> 0.00019566033 | G3: =COUNTIF(C3:C403,C3)-1 -> 2
A4: men | B4: 1720313 | C4: 3B | D4: =B4/SUM($B$2:$B$403) -> 0.0055947512 | E4: =SUMIF($C$2:$C$403,C4,$D$2:$D$403) -> 0.0085388501 | F4: =E4-D4 -> 0.0029440989 | G4: =COUNTIF(C4:C404,C4)-1 -> 2
A5: jia | B5: 2157554 | C5: 5A | D5: =B5/SUM($B$2:$B$403) -> 0.0070167335 | E5: =SUMIF($C$2:$C$403,C5,$D$2:$D$403) -> 0.0075188394 | F5: =E5-D5 -> 0.00050210586 | G5: =COUNTIF(C5:C405,C5)-1 -> 2
A6: hua | B6: 1678430 | C6: AA | D6: =B6/SUM($B$2:$B$403) -> 0.0054585406 | E6: =SUMIF($C$2:$C$403,C6,$D$2:$D$403) -> 0.0061195182 | F6: =E6-D6 -> 0.00066097764 | G6: =COUNTIF(C6:C406,C6)-1 -> 2
A7: ming | B7: 1132617 | C7: 3F | D7: =B7/SUM($B$2:$B$403) -> 0.0036834636 | E7: =SUMIF($C$2:$C$403,C7,$D$2:$D$403) -> 0.0044091627 | F7: =E7-D7 -> 0.00072569909 | G7: =COUNTIF(C7:C407,C7)-1 -> 2
A8: neng | B8: 792017 | C8: 6F | D8: =B8/SUM($B$2:$B$403) -> 0.0025757743 | E8: =SUMIF($C$2:$C$403,C8,$D$2:$D$403) -> 0.0032117948 | F8: =E8-D8 -> 0.00063602048 | G8: =COUNTIF(C8:C408,C8)-1 -> 2
A9: lv | B9: 470898 | C9: D2 | D9: =B9/SUM($B$2:$B$403) -> 0.0015314406 | E9: =SUMIF($C$2:$C$403,C9,$D$2:$D$403) -> 0.0031254529 | F9: =E9-D9 -> 0.0015940124 | G9: =COUNTIF(C9:C409,C9)-1 -> 2
A10: pin | B10: 505207 | C10: AB | D10: =B10/SUM($B$2:$B$403) -> 0.0016430193 | E10: =SUMIF($C$2:$C$403,C10,$D$2:$D$403) -> 0.0030359727 | F10: =E10-D10 -> 0.0013929534 | G10: =COUNTIF(C10:C410,C10)-1 -> 2
A11: ping | B11: 587309 | C11: AF | D11: =B11/SUM($B$2:$B$403) -> 0.001910029 | E11: =SUMIF($C$2:$C$403,C11,$D$2:$D$403) -> 0.002692446 | F11: =E11-D11 -> 0.00078241694 | G11: =COUNTIF(C11:C411,C11)-1 -> 2
A12: huan | B12: 400747 | C12: A2 | D12: =B12/SUM($B$2:$B$403) -> 0.0013032976 | E12: =SUMIF($C$2:$C$403,C12,$D$2:$D$403) -> 0.0024685112 | F12: =E12-D12 -> 0.0011652137 | G12: =COUNTIF(C12:C412,C12)-1 -> 2
A13: kuai | B13: 262503 | C13: 52 | D13: =B13/SUM($B$2:$B$403) -> 0.00085370452 | E13: =SUMIF($C$2:$C$403,C13,$D$2:$D$403) -> 0.001522276 | F13: =E13-D13 -> 0.00066857146 | G13: =COUNTIF(C13:C413,C13)-1 -> 2
A14: pei | B14: 225405 | C14: AI | D14: =B14/SUM($B$2:$B$403) -> 0.0007330555 | E14: =SUMIF($C$2:$C$403,C14,$D$2:$D$403) -> 0.0015106527 | F14: =E14-D14 -> 0.00077759722 | G14: =COUNTIF(C14:C414,C14)-1 -> 2
... A403: den | B403: 1 | C403: EB | D403: =B403/SUM($B$2:$B$403) -> 3.2521705e-09 | E403: =SUMIF($C$2:$C$403,C403,$D$2:$D$403) -> 3.2521705e-09 | F403: =E403-D403 -> 0 | G403: =COUNTIF(C403:C803,C403)-1 -> 0

Sheet 格道17GB重音字率
A1: 音节 | B1: 次数 | C1: GB字数 | D1: 重音组GB字数 | E1: 单次重字数 | F1: 音节重字数 | G1: 分母常数 | I1: GB重音字率
A2: wei | B2: 3350224 | C2: 77 | D2: 88 | E2: =D2-C2 -> 11 | F2: =E2*B2 -> 36852464 | G2: =C2*B2 -> 257967248 | I2: =SUM(F:F)/SUM(F:G) -> 0.10784747
A3: sun | B3: 115512 | C3: 11 | D3: 88 | E3: =D3-C3 -> 77 | F3: =E3*B3 -> 8894424 | G3: =C3*B3 -> 1270632
A4: he | B4: 2954203 | C4: 49 | D4: 56 | E4: =D4-C4 -> 7 | F4: =E4*B4 -> 20679421 | G4: =C4*B4 -> 144755947
A5: ne | B5: 131130 | C5: 7 | D5: 56 | E5: =D5-C5 -> 49 | F5: =E5*B5 -> 6425370 | G5: =C5*B5 -> 917910
A6: da | B6: 2504190 | C6: 21 | D6: 22 | E6: =D6-C6 -> 1 | F6: =E6*B6 -> 2504190 | G6: =C6*B6 -> 52587990
A7: dia | B7: 198 | C7: 1 | D7: 22 | E7: =D7-C7 -> 21 | F7: =E7*B7 -> 4158 | G7: =C7*B7 -> 198
A8: fu | B8: 1828853 | C8: 101 | D8: 121 | E8: =D8-C8 -> 20 | F8: =E8*B8 -> 36577060 | G8: =C8*B8 -> 184714153
A9: zu | B9: 672366 | C9: 20 | D9: 121 | E9: =D9-C9 -> 101 | F9: =E9*B9 -> 67908966 | G9: =C9*B9 -> 13447320
A10: wu | B10: 1937403 | C10: 70 | D10: 94 | E10: =D10-C10 -> 24 | F10: =E10*B10 -> 46497672 | G10: =C10*B10 -> 135618210
A11: su | B11: 490805 | C11: 24 | D11: 94 | E11: =D11-C11 -> 70 | F11: =E11*B11 -> 34356350 | G11: =C11*B11 -> 11779320
A12: ti | B12: 1351257 | C12: 37 | D12: 38 | E12: =D12-C12 -> 1 | F12: =E12*B12 -> 1351257 | G12: =C12*B12 -> 49996509
A13: ri | B13: 991994 | C13: 1 | D13: 38 | E13: =D13-C13 -> 37 | F13: =E13*B13 -> 36703778 | G13: =C13*B13 -> 991994
A14: hui | B14: 2125717 | C14: 50 | D14: 52 | E14: =D14-C14 -> 2 | F14: =E14*B14 -> 4251434 | G14: =C14*B14 -> 106285850
... A234: seng | B234: 6219 | C234: 1 | D234: 8 | E234: =D234-C234 -> 7 | F234: =E234*B234 -> 43533 | G234: =C234*B234 -> 6219
A235: yi | B235: 8560380 | C235: 158 | F235: =E235*B235 -> 0 | G235: =C235*B235 -> 1352540040
A236: shi | B236: 10519921 | C236: 88 | F236: =E236*B236 -> 0 | G236: =C236*B236 -> 925753048
A237: ji | B237: 5378305 | C237: 136 | F237: =E237*B237 -> 0 | G237: =C237*B237 -> 731449480
A238: zhi | B238: 4617458 | C238: 99 | F238: =E238*B238 -> 0 | G238: =C238*B238 -> 457128342
A239: li | B239: 3806174 | C239: 92 | F239: =E239*B239 -> 0 | G239: =C239*B239 -> 350168008
A240: yu | B240: 2636015 | C240: 123 | F240: =E240*B240 -> 0 | G240: =C240*B240 -> 324229845
A241: qi | B241: 2762926 | C241: 101 | F241: =E241*B241 -> 0 | G241: =C241*B241 -> 279055526
A242: jian | B242: 2449940 | C242: 84 | F242: =E242*B242 -> 0 | G242: =C242*B242 -> 205794960
A243: you | B243: 4032007 | C243: 51 | F243: =E243*B243 -> 0 | G243: =C243*B243 -> 205632357
A244: xi | B244: 1847431 | C244: 94 | F244: =E244*B244 -> 0 | G244: =C244*B244 -> 173658514
A245: xian | B245: 1932126 | C245: 70 | F245: =E245*B245 -> 0 | G245: =C245*B245 -> 135248820
A246: ge | B246: 2806040 | C246: 47 | F246: =E246*B246 -> 0 | G246: =C246*B246 -> 131883880
... A403: den | B403: 1 | C403: 0 | F403: =E403*B403 -> 0 | G403: =C403*B403 -> 0

Sheet Sheet2
A1: 48
A2: 4G
A3: 41
A4: 68
A5: 4F
A6: D3
A7: 4B
A8: 46
A9: 43
A10: 6F
A11: 1G
A12: GG
... A274: EA

Sheet Sheet1
A1: 6B
A2: 4I
A3: 3B
A4: 5A
A5: AA
A6: 3F
A7: 6F
A8: D2
A9: AB
A10: AF
A11: A2
A12: 52
... A274: EB
